"simulation","reserve_totale"
1,2395602.98916134
2,2386007.84048587
3,2299800.58776654
4,2257742.75313377
5,2345681.52421348
6,2327824.65545054
7,2287342.11425539
8,2336941.6146869
9,2220951.73384051
10,2244991.81774715
11,2444586.58917281
12,2261167.58629331
13,2325272.32554102
14,2479557.95105751
15,2383047.37175784
16,2371977.57398
17,2275100.68478273
18,2473602.89768276
19,2419119.20237846
20,2289098.77595598
21,2293801.09534739
22,2493352.3242396
23,2334603.28579851
24,2183086.26480961
25,2294182.90763686
26,2376759.77685298
27,2408728.99175631
28,2427248.44175898
29,2442624.10258247
30,2346031.32807662
31,2310276.68957032
32,2397736.47349699
33,2331388.5985757
34,2295450.73342438
35,2466643.53264451
36,2313105.80204481
37,2429085.80102484
38,2364227.90961892
39,2308204.73998795
40,2427454.96401347
41,2324538.70511337
42,2493869.57478607
43,2403563.8852179
44,2425364.68222235
45,2397555.9105318
46,2321765.35611615
47,2376052.03452346
48,2368280.80843388
49,2348182.20215339
50,2390666.25723389
51,2369363.68251602
52,2365431.01398739
53,2468365.78619398
54,2319764.75745787
55,2295852.2134446
56,2318147.22970338
57,2275941.32418561
58,2400018.9203711
59,2338946.30059507
60,2336340.46662507
61,2327210.50981983
62,2408320.19018317
63,2279610.84946322
64,2321352.42394127
65,2305686.50050706
66,2268169.65597513
67,2513623.66911815
68,2358783.06150127
69,2365535.47783438
70,2328076.19046812
71,2430878.26767896
72,2443789.95943841
73,2376225.62360058
74,2454095.45842211
75,2391400.04710979
76,2546837.51527999
77,2386620.70190854
78,2344886.42005018
79,2438136.2367968
80,2388470.12151295
81,2366048.54920297
82,2418309.23030079
83,2393825.00239646
84,2268953.82497658
85,2370661.49480644
86,2160423.79854494
87,2338754.06719026
88,2364700.74245945
89,2300695.30102692
90,2377735.98242283
91,2383543.35806563
92,2345759.48498172
93,2293246.73088893
94,2261304.31447835
95,2389423.33271255
96,2303500.12305257
97,2333522.19102573
98,2465377.35336473
99,2329290.70441806
100,2372826.36985593
101,2474687.40945612
102,2325967.42612166
103,2304504.39530616
104,2463852.12103597
105,2337223.59593052
106,2351983.8823986
107,2363930.32100658
108,2410749.68862228
109,2280765.7876522
110,2242954.02283497
111,2318919.60539729
112,2305410.65469391
113,2453894.30062182
114,2300979.53766961
115,2390103.49141665
116,2212946.63374684
117,2349842.33128983
118,2321841.1736316
119,2343457.30635152
120,2317174.61143634
121,2263443.07179233
122,2423047.97571189
123,2309320.51545365
124,2323051.78958258
125,2350672.91367569
126,2291663.29662308
127,2462073.35228179
128,2552338.40844557
129,2350167.10272603
130,2412845.71110581
131,2325684.11860801
132,2382565.78580578
133,2225746.43292266
134,2394724.68464138
135,2324889.97435895
136,2357717.68082302
137,2341994.891738
138,2232245.53421792
139,2384337.23957103
140,2262509.21845809
141,2364264.39743508
142,2289170.44253752
143,2364811.42723037
144,2226466.64719335
145,2465326.53576371
146,2363884.9705603
147,2396079.86404067
148,2365910.02378319
149,2448475.23491671
150,2339906.12800811
151,2328543.6781398
152,2426499.72462927
153,2324113.24876912
154,2462716.38451953
155,2533546.14712821
156,2312459.47580491
157,2247792.02469924
158,2404234.21063546
159,2354177.99746387
160,2347794.62067211
161,2268343.11475769
162,2264164.6275033
163,2403114.47135566
164,2338829.46174952
165,2350836.45957117
166,2388092.85015511
167,2344531.55275673
168,2178995.30302539
169,2471071.62265219
170,2351629.69571743
171,2524967.68806416
172,2139271.01313259
173,2382300.44035764
174,2412507.95691417
175,2385226.20432273
176,2304634.15059817
177,2451593.62734186
178,2325627.9957386
179,2358981.65606764
180,2323911.48139057
181,2375538.87413296
182,2383557.55920577
183,2431800.0774257
184,2264605.13404503
185,2443217.71459453
186,2366709.72685716
187,2266774.01473154
188,2255702.6897387
189,2350534.95712888
190,2372138.52627599
191,2326130.64654363
192,2313433.59916741
193,2317973.00838837
194,2433261.10288868
195,2360290.73978999
196,2413022.52374739
197,2352779.71624508
198,2300795.22021703
199,2327984.60836662
200,2290848.3505861
201,2303592.72186656
202,2454214.18932784
203,2465973.9929211
204,2210841.54561606
205,2277237.0240615
206,2325223.04382374
207,2500977.30911658
208,2349771.8766808
209,2420682.68472832
210,2269363.36831136
211,2397484.23854814
212,2390223.26793263
213,2297125.17511295
214,2377178.79764644
215,2417700.73654638
216,2271840.48596096
217,2333356.24013268
218,2304895.92741337
219,2277550.70956061
220,2287266.17131083
221,2233248.59912985
222,2335905.19798381
223,2250767.79247455
224,2362514.49962055
225,2366316.549752
226,2251655.13665223
227,2276734.98038398
228,2441415.41859476
229,2288906.06084407
230,2385749.29315643
231,2289994.64540762
232,2399480.21470574
233,2342468.4874558
234,2309608.1233942
235,2368638.68083751
236,2237525.54955304
237,2358439.50637934
238,2263090.75571081
239,2409654.4592875
240,2337675.40670461
241,2271326.74875166
242,2415814.09053807
243,2382096.4417372
244,2424842.58931708
245,2474079.6983547
246,2311037.81710967
247,2303934.80522878
248,2350324.90026
249,2283388.30773819
250,2224552.16669333
251,2319027.38691549
252,2382940.58042642
253,2511717.13544739
254,2359506.24956198
255,2362747.32754609
256,2091455.17916184
257,2315362.69599273
258,2358988.88371591
259,2327346.52851054
260,2366070.59213567
261,2294236.42447553
262,2356697.83098003
263,2367019.85695435
264,2360771.34845537
265,2360514.79000725
266,2421762.69868506
267,2363997.91106095
268,2380962.05911562
269,2418501.36586987
270,2259401.07071157
271,2397677.95047093
272,2386693.0140996
273,2326108.25109408
274,2356674.36835981
275,2460890.65084452
276,2305487.94254144
277,2302747.80870355
278,2418150.20732037
279,2281619.03726888
280,2307673.53930152
281,2236537.62141813
282,2400295.48938378
283,2354765.53911052
284,2290736.10724158
285,2305538.15006704
286,2326045.79817997
287,2449244.64098328
288,2397299.97071762
289,2370894.56708034
290,2389618.11596083
291,2311312.64362198
292,2423164.64118294
293,2285626.75099275
294,2334302.13053324
295,2341322.81870411
296,2317064.67522115
297,2445969.307063
298,2575901.71598348
299,2445379.20870514
300,2286681.86053868
301,2472918.25879222
302,2444771.40162529
303,2260982.42610717
304,2397692.44094357
305,2358888.81958161
306,2313198.92233567
307,2218129.09660784
308,2318728.14954324
309,2308581.62611152
310,2346660.14783591
311,2439883.04782671
312,2355654.51459157
313,2503514.97761248
314,2472496.60538029
315,2382769.71759345
316,2373315.40256259
317,2358797.54639907
318,2262649.35045334
319,2445171.90126575
320,2386600.95380506
321,2333223.12563727
322,2274214.83661784
323,2323940.5296438
324,2334532.37233941
325,2415812.6696631
326,2411900.53881289
327,2083297.96392896
328,2424807.12821678
329,2412219.7938944
330,2339057.40540633
331,2393765.96396237
332,2318546.0138948
333,2273351.62927844
334,2483392.06766306
335,2282650.90108161
336,2483156.71140599
337,2351917.98866479
338,2309233.62929707
339,2337117.29703705
340,2325483.88384963
341,2273761.41919332
342,2400024.85983584
343,2302320.71647055
344,2317739.69264887
345,2544584.46771915
346,2421823.51175963
347,2291516.02784078
348,2346282.1957848
349,2242980.94564598
350,2185028.76838111
351,2231223.9310938
352,2261574.93215295
353,2369735.94296127
354,2303785.08049042
355,2372001.11910173
356,2352941.89453841
357,2287210.6363169
358,2297865.14694296
359,2384585.74936609
360,2340779.584724
361,2354307.00284978
362,2294199.46085211
363,2218937.88067143
364,2326084.17474617
365,2369445.84267664
366,2397979.9669415
367,2381956.40289992
368,2428606.34296529
369,2317032.33568791
370,2184239.21385135
371,2273499.19118446
372,2309404.75419867
373,2385444.30126336
374,2398245.81573069
375,2235951.3480483
376,2316730.22572093
377,2434852.04842034
378,2208487.80776311
379,2378913.75195093
380,2418728.26376112
381,2349036.31070628
382,2296978.45093978
383,2383776.23397987
384,2296266.40327222
385,2466102.92876093
386,2401849.55843355
387,2285805.2575448
388,2299998.27879168
389,2251889.77136599
390,2494620.95448165
391,2321762.45121421
392,2338249.88189307
393,2379203.25041907
394,2402318.16372585
395,2369108.60802605
396,2389021.33781352
397,2198547.05888407
398,2304506.33684759
399,2438723.50249801
400,2389070.86354386
401,2285723.15034005
402,2229344.27927215
403,2441957.30883135
404,2410681.87403579
405,2298968.54660288
406,2360670.74821445
407,2286670.90014171
408,2389027.44533308
409,2386747.08483268
410,2367499.77753768
411,2191832.00309944
412,2192766.64210067
413,2454253.73889702
414,2206310.17592621
415,2539183.20474473
416,2204085.05382713
417,2312050.47978315
418,2456168.21942629
419,2393242.17818496
420,2430434.43427251
421,2253173.32668282
422,2391108.3316464
423,2393364.55748783
424,2329377.2434989
425,2411631.42334096
426,2210519.24010495
427,2429189.60461873
428,2432020.13435336
429,2399576.12681747
430,2426993.42487251
431,2303563.30438025
432,2334295.80110286
433,2452805.53255862
434,2367792.19265276
435,2423996.70548971
436,2319994.02974544
437,2405528.95948312
438,2413213.91217559
439,2363075.9168899
440,2583241.5511396
441,2440989.8929893
442,2366578.28625249
443,2276425.46907521
444,2427288.54205412
445,2331063.3221432
446,2359155.31521084
447,2329879.81595469
448,2329094.2493622
449,2286941.19231588
450,2313783.53906313
451,2444248.49985088
452,2491320.78623383
453,2362440.79066835
454,2380697.4716439
455,2334000.99511758
456,2348161.55727592
457,2369265.09191171
458,2296753.45513741
459,2414033.22337679
460,2304587.32181389
461,2236881.68652248
462,2304590.84723478
463,2477611.22792934
464,2367571.31751279
465,2290096.73468993
466,2280078.60073492
467,2364270.02559101
468,2322406.78421901
469,2283837.86512738
470,2311965.6458224
471,2301359.70570216
472,2278258.76867405
473,2120118.07204028
474,2181416.14661666
475,2291721.96964051
476,2289508.39212009
477,2399149.35998232
478,2396212.53937965
479,2403126.76871775
480,2442679.33920628
481,2478223.76279061
482,2464069.07851951
483,2374155.4617619
484,2228697.88867142
485,2289455.47598661
486,2373061.06209079
487,2368576.00689164
488,2392295.209592
489,2300609.82795102
490,2266146.75089144
491,2393128.57164713
492,2351330.79035837
493,2393074.2343888
494,2356911.27761229
495,2348153.8506308
496,2260535.34992418
497,2366658.45425867
498,2356467.84760953
499,2430183.92052764
500,2406891.13918581
501,2361413.52645156
502,2256522.28338799
503,2401562.13690721
504,2371808.33810655
505,2319910.18074306
506,2348844.16301941
507,2376668.89473743
508,2273392.36617062
509,2413502.87226617
510,2392212.14549995
511,2415907.25335534
512,2283064.80401003
513,2354226.811138
514,2434512.70722533
515,2347846.83749877
516,2439815.4769422
517,2305346.74578994
518,2309653.84019831
519,2472034.09109969
520,2379443.90914186
521,2468473.49381052
522,2319936.03488586
523,2467939.75988496
524,2286165.84021116
525,2358413.95852035
526,2261282.57133584
527,2413822.87840976
528,2308577.34373787
529,2293470.4375521
530,2313615.22638723
531,2461579.27994268
532,2385581.67299098
533,2290554.98462062
534,2254200.20804847
535,2384398.03119188
536,2435936.20699986
537,2488624.60661377
538,2353161.46259795
539,2308634.19391924
540,2391738.94951433
541,2319513.85957688
542,2427780.42630413
543,2356210.79997528
544,2427903.97760088
545,2447518.97292329
546,2336521.63939744
547,2349554.6948635
548,2420556.94263648
549,2330069.3787978
550,2310944.04912108
551,2377955.97922797
552,2447506.92829805
553,2464009.42027585
554,2332506.44094194
555,2308462.65750014
556,2287392.13102196
557,2378866.43288837
558,2272927.80364178
559,2369859.65033058
560,2379149.40513338
561,2343628.58443701
562,2291803.94209795
563,2407814.58022558
564,2275683.97313821
565,2301845.81527641
566,2449610.5834413
567,2355085.56525118
568,2355482.42250431
569,2340545.8515942
570,2279701.53332895
571,2506960.07602039
572,2372543.81526714
573,2413787.78306384
574,2349310.52619267
575,2400948.58220593
576,2374173.0151573
577,2331012.10430687
578,2300575.49048524
579,2355432.0745787
580,2347208.83735175
581,2277611.54370342
582,2376242.5411575
583,2377623.64765059
584,2457282.49764553
585,2301743.06727409
586,2287803.21615658
587,2309239.32186281
588,2339116.53810564
589,2415416.50830312
590,2448420.01288578
591,2432729.49677228
592,2490158.98865504
593,2389145.37918638
594,2334050.17386107
595,2267618.54110929
596,2387791.38279643
597,2404246.84152967
598,2310301.53613313
599,2406540.09993462
600,2284585.14251527
601,2328609.86534302
602,2385173.21487215
603,2266280.57217864
604,2353373.90583111
605,2324776.08509713
606,2294397.8801637
607,2385712.91647215
608,2273170.78006488
609,2381059.41720029
610,2361841.99636195
611,2383018.44367261
612,2434724.9953331
613,2424072.69333369
614,2421161.48240564
615,2275737.33400153
616,2447475.67392392
617,2463455.49071614
618,2304021.08477678
619,2273087.70901584
620,2489499.3610849
621,2425368.82919365
622,2404183.80259974
623,2219798.34278297
624,2275708.13639401
625,2412394.87050638
626,2315830.1609303
627,2282406.70312816
628,2307191.48674322
629,2267546.45917308
630,2269611.26244521
631,2404325.7690419
632,2302404.70803672
633,2362874.86694174
634,2309617.75975572
635,2352350.0021475
636,2197044.49562136
637,2347604.48178165
638,2424879.69506768
639,2415269.2179947
640,2400571.29851376
641,2237563.00715456
642,2238522.90157466
643,2290830.18678484
644,2321008.38627808
645,2282046.49135003
646,2509577.64438893
647,2342259.06058963
648,2359309.44769508
649,2464138.58526099
650,2449319.85940375
651,2378868.02711248
652,2404962.05940259
653,2455418.65210278
654,2381497.3324663
655,2334862.71155791
656,2358203.48889077
657,2369677.48013086
658,2426524.96421983
659,2271209.93369974
660,2271523.65772022
661,2294304.92824148
662,2373889.7009437
663,2177953.32003641
664,2436109.49453842
665,2386771.24543023
666,2400445.98718209
667,2257874.95746264
668,2442924.00042005
669,2434322.43632392
670,2523672.52968673
671,2417678.23542007
672,2288113.63259779
673,2402599.90156341
674,2387488.66743444
675,2398226.43150211
676,2413860.41002634
677,2387603.70135036
678,2361951.82800938
679,2330429.74429799
680,2509993.26097794
681,2430492.19765349
682,2424881.28228569
683,2379192.62826546
684,2390881.8349869
685,2275530.92746904
686,2220122.03638475
687,2304537.11272529
688,2340972.40884669
689,2265518.67410817
690,2336357.84439773
691,2304933.54557758
692,2399773.45035215
693,2401729.93284424
694,2312099.24572513
695,2392287.00374702
696,2209066.32344246
697,2336869.14263345
698,2348446.7821266
699,2240245.40988428
700,2497773.84984871
701,2444277.19365397
702,2402149.3631219
703,2255719.64578603
704,2498058.85319122
705,2295109.38476796
706,2347506.31947757
707,2343317.67585007
708,2430204.30380789
709,2299604.63611305
710,2375029.38821013
711,2386996.56649651
712,2432974.11262649
713,2256894.48390124
714,2325234.13836184
715,2387565.99935321
716,2334946.07233262
717,2202031.14246083
718,2294524.93122129
719,2504260.57026151
720,2273614.05455317
721,2322791.27399631
722,2380605.69882926
723,2372508.87230151
724,2374415.57340551
725,2517551.24877488
726,2436065.90026432
727,2264011.01952195
728,2279390.65206687
729,2413285.8290141
730,2343534.7782624
731,2360853.71916846
732,2364697.35739353
733,2390143.68808592
734,2414199.57318732
735,2379747.81038045
736,2397869.0071434
737,2243618.02741422
738,2211843.10973583
739,2291923.83187752
740,2396377.312544
741,2446044.0358699
742,2367609.05259583
743,2369526.23238058
744,2477952.64530813
745,2418599.98586969
746,2296517.54094551
747,2384152.45944045
748,2353445.95893779
749,2279298.40670332
750,2492879.95278503
751,2325400.32282996
752,2204915.77484659
753,2388270.55263176
754,2319798.50315796
755,2324119.66532051
756,2358588.44733347
757,2347235.57462
758,2323890.83356871
759,2408533.28784041
760,2391368.27655273
761,2390560.75070278
762,2478619.99657191
763,2410285.81515772
764,2418593.19914399
765,2452544.50333219
766,2226694.75742503
767,2441107.68879011
768,2417076.87209282
769,2281030.62944777
770,2461601.65355344
771,2425253.03929551
772,2345882.52520634
773,2317496.46865512
774,2292817.84356507
775,2355366.66112573
776,2503508.3599308
777,2351502.03961269
778,2303181.18055445
779,2337125.83912255
780,2284029.32892244
781,2347514.2500517
782,2342116.81803462
783,2332058.62200177
784,2461071.31678715
785,2289886.62983221
786,2258398.70833171
787,2309019.16428397
788,2362309.20919228
789,2406977.32128739
790,2409874.39574211
791,2330755.4564007
792,2437232.28966673
793,2416647.15614483
794,2245197.29619784
795,2293408.91008669
796,2322020.90076756
797,2368602.35307867
798,2359261.5956676
799,2344281.31574634
800,2451309.07996109
801,2461093.12341925
802,2326218.63750218
803,2400613.6172712
804,2353071.90586965
805,2262694.39661321
806,2394912.69376993
807,2384498.15864916
808,2357003.04553387
809,2403020.72908891
810,2407514.88944329
811,2370677.44063537
812,2301783.91502288
813,2527985.71217591
814,2430316.5447996
815,2342728.76251561
816,2308071.79461761
817,2322163.01883732
818,2453224.91492407
819,2344385.51426033
820,2233376.39548216
821,2224813.30026965
822,2367883.01022534
823,2245973.93518086
824,2310148.59886042
825,2362540.64701416
826,2269090.66763255
827,2257905.16230718
828,2327425.99161759
829,2376913.79014452
830,2293930.03957957
831,2494478.96175741
832,2487913.41984061
833,2243734.61585314
834,2303463.30962663
835,2390329.69519042
836,2326230.91747144
837,2391401.98265246
838,2485949.66083428
839,2281330.15815671
840,2392944.15759549
841,2346517.86063064
842,2480774.78555855
843,2243546.56939688
844,2421424.16561123
845,2329397.45078187
846,2255595.41381663
847,2309648.86753893
848,2481274.10790552
849,2417562.18431353
850,2292389.6168925
851,2301541.49496648
852,2295405.30306211
853,2369688.58139822
854,2357196.18288556
855,2355977.11005589
856,2342434.25973435
857,2312682.41366786
858,2410570.18625672
859,2306824.35420865
860,2343681.49412868
861,2466772.74371709
862,2243270.70697085
863,2321437.66810438
864,2397318.89419002
865,2273959.00377604
866,2322984.42439814
867,2194653.0954505
868,2311740.11387817
869,2423673.74704184
870,2536233.89629605
871,2375300.65813198
872,2263333.41154046
873,2440970.79283032
874,2265043.58330169
875,2386507.60521115
876,2366030.21748
877,2379238.07118718
878,2342842.20507598
879,2256298.51281497
880,2284092.15142302
881,2283332.04341024
882,2375093.1012908
883,2428887.4590804
884,2341546.58176702
885,2198690.82083906
886,2339253.77675382
887,2293163.5373523
888,2247956.75445107
889,2316241.69552107
890,2211832.78479326
891,2482719.08949589
892,2460408.91309205
893,2343373.62197646
894,2309593.92808363
895,2293587.33524715
896,2375821.80702326
897,2410828.25252149
898,2364081.36906027
899,2356623.25176236
900,2385653.10364896
901,2480390.15217989
902,2284908.04821981
903,2327239.4295061
904,2440914.70988586
905,2305242.98021007
906,2451131.48819129
907,2499985.74985621
908,2431136.21582786
909,2374953.34546263
910,2227372.77236533
911,2475165.8678801
912,2456285.05866771
913,2443200.40958661
914,2398571.35161811
915,2408196.40668328
916,2375948.18870577
917,2315405.23378602
918,2320813.34707966
919,2287754.91686208
920,2423328.03787374
921,2292652.39849815
922,2288628.6326414
923,2290450.04614324
924,2267779.37009173
925,2364833.63718494
926,2291960.97554793
927,2314114.11593942
928,2294322.48608463
929,2297191.42392493
930,2254270.15610998
931,2330722.88706229
932,2414716.57381061
933,2386971.18138499
934,2475212.69413941
935,2271832.65338095
936,2361278.78492331
937,2361317.80252439
938,2331425.27117207
939,2177850.75443229
940,2252317.89646324
941,2371815.61509328
942,2282867.38041644
943,2382769.19670581
944,2436033.22620757
945,2430994.83740455
946,2327006.55431196
947,2310601.25901103
948,2223614.95454566
949,2215672.42515841
950,2312132.59877573
951,2213096.40443502
952,2346721.50655955
953,2306717.97588017
954,2394111.57048744
955,2350525.39362669
956,2437486.24229495
957,2301274.60592683
958,2387508.6129252
959,2477776.37243564
960,2284040.91084591
961,2416390.41697801
962,2294185.60216782
963,2414503.33591385
964,2233465.31606503
965,2341240.63686285
966,2327732.00561065
967,2324918.69465132
968,2415674.03518615
969,2409485.59299796
970,2391047.62064937
971,2353004.47396489
972,2378689.14094371
973,2394017.7262702
974,2386577.77578957
975,2323664.96996372
976,2477432.30122851
977,2285378.38750428
978,2375730.62600052
979,2309971.46442596
980,2344953.86987761
981,2402626.30743767
982,2250506.52281082
983,2372603.70932413
984,2381037.04367726
985,2443013.82580129
986,2468479.67755118
987,2380591.80174665
988,2217492.89599931
989,2420772.67862564
990,2374113.08693904
991,2497229.09677592
992,2313469.28191593
993,2390031.60994014
994,2334068.51648043
995,2474558.06050355
996,2317973.73714031
997,2228283.45905758
998,2323633.5982411
999,2387896.85505819
1000,2290375.50676761
1001,2359581.28006639
1002,2408920.321606
1003,2255529.20954297
1004,2351884.06461494
1005,2458868.21792689
1006,2376567.27283036
1007,2316003.30585245
1008,2402723.21265778
1009,2585936.28975478
1010,2362664.92912216
1011,2317197.98466848
1012,2432166.36514549
1013,2469678.66053516
1014,2528511.13232689
1015,2426441.23767365
1016,2416136.26004364
1017,2398531.58125926
1018,2413615.74922254
1019,2226371.67497694
1020,2295381.9732911
1021,2393519.84756491
1022,2411780.6060177
1023,2435937.26244605
1024,2381884.79203608
1025,2396812.90984281
1026,2273846.8250272
1027,2405372.6614184
1028,2289022.43825873
1029,2390652.57481398
1030,2275892.55176242
1031,2317915.250216
1032,2361796.70029319
1033,2460761.32954678
1034,2484609.00177674
1035,2365937.04292458
1036,2349087.8112733
1037,2345082.43410603
1038,2291627.44674096
1039,2346629.71220093
1040,2375623.98736733
1041,2416895.39113289
1042,2344255.12335696
1043,2428045.93368018
1044,2296232.43689257
1045,2388442.45550231
1046,2282448.60136572
1047,2315755.35150334
1048,2375755.28809683
1049,2336116.48441991
1050,2239945.29735698
1051,2271570.68306132
1052,2502592.28938456
1053,2339138.09801745
1054,2323531.79778019
1055,2314426.94246295
1056,2444569.02282688
1057,2359213.90194141
1058,2327022.86687876
1059,2339516.51370031
1060,2206547.48515139
1061,2440518.8686158
1062,2398837.74758255
1063,2252508.19645756
1064,2356605.5983618
1065,2455461.3398723
1066,2203622.53471142
1067,2471328.54672435
1068,2417368.1183744
1069,2374144.33079139
1070,2310601.79561932
1071,2306533.35254075
1072,2494716.56599623
1073,2420215.06896069
1074,2419066.57709455
1075,2311276.09018998
1076,2281509.98162131
1077,2278788.58770778
1078,2395823.46703228
1079,2304243.10098989
1080,2308935.55206316
1081,2292038.96755383
1082,2314144.36843961
1083,2349772.65407369
1084,2487154.99521018
1085,2479963.44166426
1086,2359213.17986772
1087,2252910.37308506
1088,2420066.7128663
1089,2326320.97402187
1090,2378049.08934256
1091,2356297.38589532
1092,2394304.58707802
1093,2263273.20821561
1094,2375709.68641784
1095,2435494.32365171
1096,2458469.12196817
1097,2347099.75446214
1098,2410225.28155791
1099,2349957.30440787
1100,2270353.42120413
1101,2468691.3832246
1102,2483368.1233386
1103,2344402.07048488
1104,2280995.66199294
1105,2281395.49347937
1106,2376162.38115331
1107,2371658.82850336
1108,2402783.95344556
1109,2245292.92789726
1110,2384181.79069081
1111,2437941.40145805
1112,2587314.41200148
1113,2260508.89171332
1114,2318290.9459402
1115,2396056.63615615
1116,2303052.20416213
1117,2417570.54741316
1118,2459032.84579402
1119,2411473.4368544
1120,2361372.11580694
1121,2394589.1586771
1122,2349120.22739712
1123,2411687.9288692
1124,2346822.3767155
1125,2465382.32412301
1126,2307810.184274
1127,2334019.22831158
1128,2390413.85593956
1129,2360287.65344019
1130,2357204.2566492
1131,2363012.11786666
1132,2337480.12019757
1133,2421872.88753505
1134,2305841.37759915
1135,2330549.54821698
1136,2352648.39067074
1137,2355291.03137088
1138,2363690.53808851
1139,2269973.74188554
1140,2268239.03352141
1141,2318686.69599772
1142,2348384.0954212
1143,2375138.56015678
1144,2386364.41509539
1145,2309122.1984441
1146,2361019.98127873
1147,2310457.01871513
1148,2393193.56369186
1149,2438749.30997488
1150,2384637.73543468
1151,2408174.27645238
1152,2276516.42712365
1153,2323537.95064281
1154,2407603.11675712
1155,2419915.94853029
1156,2465373.08672911
1157,2364301.99345203
1158,2385063.96878726
1159,2348905.63612652
1160,2307589.8249235
1161,2403110.31762876
1162,2271033.42459818
1163,2295757.47630011
1164,2457258.65800032
1165,2192811.32937359
1166,2243643.73543494
1167,2482429.72963506
1168,2369467.65441072
1169,2299761.66840053
1170,2334819.46388901
1171,2269323.81268786
1172,2339265.65177847
1173,2295042.14843422
1174,2302403.58442762
1175,2390249.15366567
1176,2319853.71060079
1177,2256176.69593967
1178,2272757.61265912
1179,2295873.46877722
1180,2334291.91212023
1181,2547518.57747984
1182,2369939.23458819
1183,2344562.88643352
1184,2230544.6971145
1185,2338409.15341334
1186,2420558.15356466
1187,2345369.61593914
1188,2445009.35165705
1189,2508305.17236935
1190,2392231.25597685
1191,2323020.58229254
1192,2353380.55547692
1193,2390003.18864525
1194,2426412.92901069
1195,2337543.02518501
1196,2496171.26029192
1197,2306365.63523306
1198,2544814.2772566
1199,2281435.33351788
1200,2245598.61911722
1201,2405161.75390942
1202,2468912.320442
1203,2357945.89555499
1204,2332395.36173965
1205,2296818.5079008
1206,2463941.47851785
1207,2315609.29034064
1208,2399856.0583523
1209,2362816.73311363
1210,2336917.97141947
1211,2443311.88534605
1212,2284612.64596776
1213,2394581.63914692
1214,2485720.23715505
1215,2370951.01346935
1216,2413419.15355734
1217,2339621.14438635
1218,2410240.89065925
1219,2345662.38763814
1220,2395934.33968525
1221,2423216.14655102
1222,2311136.2222208
1223,2292665.73265588
1224,2385004.48733118
1225,2317775.59152761
1226,2305392.21041913
1227,2436641.30866394
1228,2297327.25637349
1229,2435780.02703715
1230,2445300.75106138
1231,2487351.89662197
1232,2336266.07134975
1233,2392221.57975642
1234,2300623.17268799
1235,2404347.26443271
1236,2384744.31653842
1237,2378932.99344653
1238,2395137.73737123
1239,2354106.33378925
1240,2329510.11042434
1241,2322888.65618916
1242,2356987.43869238
1243,2331771.14367853
1244,2342280.72553862
1245,2416296.63597373
1246,2334806.72383466
1247,2298960.29126764
1248,2215693.16587562
1249,2311525.95339947
1250,2452933.4784296
1251,2410490.99582721
1252,2333295.60185689
1253,2192738.61774517
1254,2375124.51033276
1255,2430546.23194137
1256,2409909.08784255
1257,2249054.71089679
1258,2357086.9506566
1259,2253166.09630591
1260,2438917.80594217
1261,2246436.44892687
1262,2413231.46411472
1263,2252473.18799165
1264,2395085.58784149
1265,2442650.56373898
1266,2470871.95663478
1267,2274180.3362532
1268,2354116.46973905
1269,2355529.35740586
1270,2347921.16858326
1271,2359783.25767932
1272,2399589.98601452
1273,2364712.34124204
1274,2267081.10581377
1275,2273467.22291135
1276,2359314.11043623
1277,2381289.56676796
1278,2441595.9053277
1279,2456937.75277866
1280,2469597.5704166
1281,2236873.13329011
1282,2369069.93867693
1283,2351863.55460085
1284,2358092.91783998
1285,2272680.33098145
1286,2229079.38307246
1287,2334708.85508938
1288,2336403.04664739
1289,2340518.57119648
1290,2415808.8723349
1291,2335272.83863154
1292,2376380.05506923
1293,2620365.45433706
1294,2370992.15384903
1295,2228209.78287967
1296,2280150.51636712
1297,2308796.61180603
1298,2437624.62010668
1299,2356750.60295344
1300,2298262.62267124
1301,2274402.45539269
1302,2148836.37954913
1303,2282196.24270363
1304,2310851.63847394
1305,2322277.2163955
1306,2199214.3037258
1307,2323518.66412576
1308,2297013.70915594
1309,2288215.48221764
1310,2411062.05846259
1311,2307152.63426047
1312,2327730.07195716
1313,2355208.87308838
1314,2307306.0482721
1315,2305507.2261314
1316,2289460.53251957
1317,2212803.39962907
1318,2369755.52641044
1319,2422361.45859304
1320,2371061.43584752
1321,2314573.80180393
1322,2352655.74844714
1323,2281135.72158994
1324,2434307.96257435
1325,2427219.29617029
1326,2404444.86001699
1327,2326782.45421484
1328,2460681.86284272
1329,2387956.4572294
1330,2335127.61218065
1331,2234901.01503087
1332,2178852.17180069
1333,2421253.54337338
1334,2364410.61405516
1335,2358486.22888268
1336,2377942.48992584
1337,2508494.178037
1338,2350020.61058361
1339,2231114.99324084
1340,2306283.69460942
1341,2274278.56892241
1342,2285243.84102211
1343,2224347.85252739
1344,2238627.22168987
1345,2389127.76747341
1346,2134274.58566149
1347,2263857.61010828
1348,2382987.05814309
1349,2444629.7826597
1350,2502666.01893787
1351,2221410.61799642
1352,2317656.31164849
1353,2437700.09633125
1354,2339450.42717071
1355,2299891.62032875
1356,2314864.77727512
1357,2409797.43781513
1358,2393605.14111621
1359,2381378.64096005
1360,2417297.28832595
1361,2326576.97788861
1362,2504836.15089601
1363,2301049.26338873
1364,2408382.51819172
1365,2308357.07435152
1366,2466358.22759696
1367,2374055.14223814
1368,2261082.73409914
1369,2253262.5295
1370,2380711.8493403
1371,2284564.7249269
1372,2371593.42961772
1373,2393106.45995458
1374,2353747.73437971
1375,2324468.91453827
1376,2377751.43215135
1377,2368845.86706695
1378,2553717.69674034
1379,2343998.72633189
1380,2268824.59664277
1381,2394874.41829525
1382,2313939.51439046
1383,2472345.73173651
1384,2348476.15385506
1385,2510271.93423503
1386,2511463.21238048
1387,2468950.68281896
1388,2407390.69865054
1389,2353027.4935521
1390,2302963.14971356
1391,2316078.87159512
1392,2452264.36267029
1393,2301677.66583104
1394,2376814.97090312
1395,2393872.75797606
1396,2309604.82140851
1397,2248817.34527521
1398,2268101.42389316
1399,2299342.1396555
1400,2325602.37929469
1401,2437560.99576829
1402,2294640.30828395
1403,2331505.17560166
1404,2385386.5928919
1405,2351485.45851719
1406,2217487.6381978
1407,2343845.3574932
1408,2396792.70197488
1409,2522681.31944622
1410,2285525.48562865
1411,2218072.61831296
1412,2428732.37550857
1413,2288367.96528546
1414,2426948.70153642
1415,2237334.04445877
1416,2427858.37810316
1417,2267453.62036927
1418,2286448.7573554
1419,2426287.50106271
1420,2354488.7765938
1421,2334059.51291713
1422,2263096.07505254
1423,2352959.99780083
1424,2317207.11652359
1425,2336614.73805135
1426,2269534.17850289
1427,2353588.39052759
1428,2367928.50792974
1429,2270562.52766656
1430,2320120.95481644
1431,2236903.26771182
1432,2386700.35207659
1433,2455177.99962709
1434,2411131.06754809
1435,2291340.64452762
1436,2298619.37157464
1437,2360274.35511475
1438,2355227.40653087
1439,2497262.9360318
1440,2439442.13548661
1441,2398443.50258424
1442,2327639.39256036
1443,2274651.87465831
1444,2329639.41527379
1445,2418329.52075145
1446,2332229.34978568
1447,2295610.10166842
1448,2499501.73766251
1449,2407507.11210774
1450,2339529.68901758
1451,2297347.65312886
1452,2392264.82852002
1453,2322734.10169048
1454,2339620.92160788
1455,2153542.34506062
1456,2296293.3191807
1457,2229862.15484642
1458,2463654.88807012
1459,2258763.09688339
1460,2329620.26032501
1461,2280124.04495022
1462,2421561.13884247
1463,2220851.66270118
1464,2428169.8812152
1465,2502027.91850063
1466,2329136.53616901
1467,2333305.75486975
1468,2418084.70487133
1469,2304471.43503557
1470,2241786.06167151
1471,2212913.78900698
1472,2369225.93697881
1473,2345843.61386655
1474,2414920.28740135
1475,2281150.74761967
1476,2483632.7992589
1477,2400178.50067063
1478,2434281.76125201
1479,2279550.95117025
1480,2203559.73179936
1481,2272110.35543112
1482,2342181.51291267
1483,2272046.22661172
1484,2345311.57140964
1485,2474063.06617855
1486,2425772.02860448
1487,2347432.58867922
1488,2358265.97665096
1489,2242384.25214572
1490,2354253.53839038
1491,2478788.44601733
1492,2307573.31571029
1493,2284609.96466765
1494,2331726.37576888
1495,2484703.43641597
1496,2381446.81601535
1497,2306266.54051823
1498,2337838.5100215
1499,2351586.41293671
1500,2201020.20867996
1501,2362750.08154945
1502,2324268.78427205
1503,2292804.07777993
1504,2519726.66648877
1505,2251426.77352622
1506,2399883.21402199
1507,2351158.25708664
1508,2401590.5247651
1509,2279519.17544253
1510,2288014.24600027
1511,2350455.80935969
1512,2248487.15728936
1513,2403092.85225971
1514,2367827.66487249
1515,2292838.4166005
1516,2405739.8492333
1517,2447027.14405424
1518,2396565.54700399
1519,2133443.3462573
1520,2486414.23942896
1521,2206534.07235868
1522,2480505.32084894
1523,2232195.85310237
1524,2223230.4115001
1525,2343507.09284887
1526,2447581.4519871
1527,2306935.98522328
1528,2252569.56504498
1529,2302080.78185766
1530,2304545.81345248
1531,2473849.45126769
1532,2376573.70974561
1533,2312176.69643136
1534,2422491.82067289
1535,2261138.01555135
1536,2353843.18963335
1537,2498809.94872352
1538,2288667.15285776
1539,2416988.27953505
1540,2437052.92075156
1541,2315114.13599194
1542,2334157.67577622
1543,2341913.76833375
1544,2330416.80506242
1545,2379354.3048001
1546,2324839.87608245
1547,2152710.18639251
1548,2333390.39012921
1549,2254971.13639921
1550,2273189.02173644
1551,2461076.57501486
1552,2436465.13045966
1553,2455872.5307302
1554,2468260.7472451
1555,2240092.25583008
1556,2313493.58649691
1557,2255874.67763261
1558,2325147.23909418
1559,2363773.18243875
1560,2345593.67864105
1561,2459771.98639323
1562,2447959.91880474
1563,2347038.48693005
1564,2459224.69496182
1565,2383980.37984877
1566,2423644.46158567
1567,2390580.41675272
1568,2441512.5069863
1569,2432450.1074556
1570,2353651.88459012
1571,2530592.3140168
1572,2353020.00734624
1573,2410230.08533766
1574,2287216.64447189
1575,2288993.16928548
1576,2317924.50082391
1577,2390612.22316843
1578,2489188.08025184
1579,2332549.39069786
1580,2328740.26756671
1581,2351389.58250219
1582,2347696.22020125
1583,2317518.72203835
1584,2427519.44362226
1585,2387900.59849246
1586,2231638.25091243
1587,2237736.54486721
1588,2201738.52161193
1589,2283616.44220011
1590,2316044.68660858
1591,2351488.3633421
1592,2383012.79244152
1593,2306024.9038952
1594,2332704.53664938
1595,2502092.51888481
1596,2356945.37757464
1597,2327961.37367208
1598,2448615.82148212
1599,2355341.0767693
1600,2282544.93120669
1601,2408614.1180124
1602,2311870.77594609
1603,2308649.65425212
1604,2234064.9752769
1605,2360527.52769064
1606,2269510.9404686
1607,2379916.10578464
1608,2434623.57042364
1609,2446611.08803028
1610,2322019.46408149
1611,2401832.17659333
1612,2390395.1101308
1613,2274601.01048842
1614,2315534.34449348
1615,2374494.63252562
1616,2470285.76446097
1617,2271747.19109524
1618,2381659.20928087
1619,2387477.68572471
1620,2358923.72449111
1621,2191644.40276488
1622,2406549.3787353
1623,2371969.74208852
1624,2316854.89744719
1625,2407051.91039719
1626,2366808.87495155
1627,2459237.19927381
1628,2435536.0063045
1629,2353132.89685563
1630,2387202.16335542
1631,2364257.08379962
1632,2345080.94259649
1633,2236486.38285668
1634,2286313.20159154
1635,2304912.9951333
1636,2447584.32042235
1637,2258062.87311314
1638,2381996.26100945
1639,2391859.23312133
1640,2389702.82452267
1641,2472772.32837417
1642,2384622.28326253
1643,2495700.84699924
1644,2419520.5492471
1645,2249179.96538529
1646,2426248.04237718
1647,2360427.62231022
1648,2439219.75902737
1649,2352817.05400248
1650,2263949.90759606
1651,2360447.17510239
1652,2210005.05784381
1653,2337604.81619928
1654,2425186.59621488
1655,2357007.76313471
1656,2369395.78799044
1657,2326656.50959044
1658,2358636.73865455
1659,2267879.86981489
1660,2244701.95755185
1661,2336814.14781841
1662,2313075.25516035
1663,2477902.74646048
1664,2333150.39445278
1665,2331685.66217165
1666,2178718.10421881
1667,2336884.70008037
1668,2273172.22480987
1669,2350588.91140596
1670,2395740.48806422
1671,2409454.14711994
1672,2402096.76335638
1673,2380705.15471537
1674,2436244.47250843
1675,2319701.22334229
1676,2402792.37831663
1677,2450807.95985482
1678,2467656.29246246
1679,2426718.53776847
1680,2338968.11227702
1681,2313458.7232796
1682,2260602.7852651
1683,2300562.31489903
1684,2276948.60742728
1685,2281483.58382451
1686,2261282.94500187
1687,2291271.0659093
1688,2301643.1276267
1689,2212698.50656284
1690,2276820.95753031
1691,2390775.23612402
1692,2355572.23576649
1693,2422101.42098507
1694,2370698.70445308
1695,2391026.39178266
1696,2271765.40797261
1697,2320843.30069104
1698,2313320.29242252
1699,2397269.52677601
1700,2343374.34703193
1701,2381825.53263607
1702,2389367.23910083
1703,2437296.08720956
1704,2365724.42125303
1705,2403370.14871972
1706,2370003.32877738
1707,2438727.89378395
1708,2264032.2248407
1709,2419343.74133562
1710,2325030.85501312
1711,2393647.4543471
1712,2226039.06122633
1713,2384464.12564097
1714,2335811.70204948
1715,2336480.04517908
1716,2404659.19526372
1717,2341276.61509
1718,2264046.0140033
1719,2271409.955574
1720,2331375.19528864
1721,2234092.26146712
1722,2453062.48696399
1723,2486775.28625053
1724,2354630.49258747
1725,2498091.86635639
1726,2218254.67414229
1727,2321783.63061716
1728,2361346.66986467
1729,2355292.34380835
1730,2392781.90838924
1731,2368429.90324031
1732,2451112.93215481
1733,2333293.99692377
1734,2290998.80367899
1735,2519830.91506954
1736,2500707.67651342
1737,2309148.39593359
1738,2315798.98090217
1739,2333152.32308184
1740,2477639.078963
1741,2290369.29995764
1742,2309251.05865901
1743,2361385.30540869
1744,2392188.07538638
1745,2285463.6113576
1746,2272071.09986536
1747,2378737.09787251
1748,2478030.8477644
1749,2387385.42706691
1750,2412633.55251317
1751,2370300.75510368
1752,2397795.8881782
1753,2361718.90620078
1754,2258432.81733869
1755,2467783.7295846
1756,2509024.0018537
1757,2374671.31605759
1758,2528572.08483675
1759,2432932.20189241
1760,2512114.68085183
1761,2246991.09906447
1762,2374072.9631229
1763,2412000.6202735
1764,2415530.85354239
1765,2361973.45204545
1766,2258836.70533003
1767,2384653.58279126
1768,2363833.1219063
1769,2299558.40163769
1770,2449678.11260063
1771,2345549.85428316
1772,2385369.88255913
1773,2314502.43889778
1774,2486514.48593906
1775,2339033.77541252
1776,2284342.23465351
1777,2424624.35119373
1778,2258763.05555545
1779,2394887.90475815
1780,2436105.93948544
1781,2436401.1778094
1782,2295764.97524099
1783,2361916.09803628
1784,2463725.88133368
1785,2319122.50731691
1786,2463507.23080356
1787,2447947.78763628
1788,2388113.89652235
1789,2302277.24818318
1790,2300752.92309227
1791,2344956.29807651
1792,2265961.40067151
1793,2362585.19436194
1794,2421979.46616748
1795,2268504.34140733
1796,2400873.92785658
1797,2400608.54579421
1798,2236447.71304488
1799,2342635.78514371
1800,2390074.28666697
1801,2428180.72349611
1802,2377019.54766508
1803,2343049.79410897
1804,2471201.26410748
1805,2356354.88578017
1806,2244659.59470033
1807,2400063.09200361
1808,2376937.7445706
1809,2414401.63413162
1810,2410698.37858083
1811,2353824.28155615
1812,2154361.72659437
1813,2448184.2382571
1814,2373185.31697816
1815,2396876.81384997
1816,2356819.61118258
1817,2261836.12091034
1818,2345048.90378641
1819,2308055.39485395
1820,2385996.61027126
1821,2192502.42197396
1822,2327979.65594461
1823,2198626.14111729
1824,2416338.31421034
1825,2426041.91813113
1826,2395871.56098594
1827,2279607.59487932
1828,2290898.11615262
1829,2450501.50201735
1830,2366715.36362042
1831,2284490.79281129
1832,2307217.66757257
1833,2230411.76331146
1834,2327400.72735802
1835,2282336.78418719
1836,2323996.3151403
1837,2315719.65090215
1838,2374036.93581419
1839,2340744.13117335
1840,2401328.49407121
1841,2416073.29631337
1842,2370675.49063408
1843,2317150.18405426
1844,2299467.03006008
1845,2314803.92597615
1846,2284909.02046692
1847,2413812.66791098
1848,2404637.78434977
1849,2323893.50655689
1850,2416536.66509341
1851,2540074.507934
1852,2405483.72313494
1853,2414566.07163272
1854,2398312.23183121
1855,2333577.76005697
1856,2298956.26931148
1857,2263905.76234465
1858,2349387.80193491
1859,2302254.74910791
1860,2309976.02275998
1861,2295117.38496251
1862,2359587.99859902
1863,2329216.24534512
1864,2296668.60052409
1865,2384910.20281519
1866,2268591.53777908
1867,2437930.22198334
1868,2363379.89057763
1869,2482622.951047
1870,2340937.52743647
1871,2337831.34923342
1872,2434334.96574241
1873,2372339.16584783
1874,2420403.48404481
1875,2392252.77791275
1876,2317690.44623177
1877,2417016.85793789
1878,2291848.69319366
1879,2453991.24701556
1880,2338572.81010729
1881,2406503.29987703
1882,2278029.58656468
1883,2331865.71055238
1884,2447132.82980574
1885,2450103.10181894
1886,2343969.24427098
1887,2276762.28609194
1888,2256463.5187248
1889,2420133.84298303
1890,2298860.5464528
1891,2429979.71686625
1892,2417857.24144258
1893,2278198.96041693
1894,2374441.84721298
1895,2465650.26556732
1896,2221222.95146223
1897,2377269.72641388
1898,2432887.80793288
1899,2407602.01288405
1900,2197784.81954529
1901,2341231.3684452
1902,2233071.06357257
1903,2375414.87389346
1904,2376243.19461731
1905,2402802.59621396
1906,2377742.42629873
1907,2218781.3258809
1908,2230376.63884692
1909,2298467.86388338
1910,2464892.75264842
1911,2418828.97864531
1912,2405945.13238906
1913,2455668.37488081
1914,2363920.74427004
1915,2325757.50284217
1916,2445709.63185847
1917,2356926.1149099
1918,2315027.38604903
1919,2327031.21286531
1920,2438192.18715071
1921,2281907.11730426
1922,2300383.43003363
1923,2309714.93419686
1924,2273261.26597675
1925,2393673.04367235
1926,2408642.38564893
1927,2414522.63178831
1928,2483011.60291301
1929,2404432.48737349
1930,2401821.61451335
1931,2449415.51641557
1932,2288217.20024303
1933,2483431.35783779
1934,2332470.84022208
1935,2400965.23081593
1936,2278028.69100862
1937,2389705.85318461
1938,2378323.63986291
1939,2336298.92655919
1940,2225901.99828568
1941,2220385.52443515
1942,2426260.5064827
1943,2389058.64798695
1944,2317403.37590193
1945,2297746.72499894
1946,2335072.63031722
1947,2336571.83658199
1948,2429932.91755666
1949,2263281.88735655
1950,2500833.6804216
1951,2275369.10301115
1952,2273579.63318947
1953,2477568.14583996
1954,2404781.12659204
1955,2452310.7345609
1956,2331717.39448833
1957,2297382.03576968
1958,2452500.14112809
1959,2330136.24617179
1960,2318080.92012681
1961,2379642.45008268
1962,2340948.90853714
1963,2288082.95415976
1964,2371772.31142266
1965,2237311.44680245
1966,2459665.51796194
1967,2289227.7164413
1968,2295417.16529181
1969,2136395.24490744
1970,2202818.62515862
1971,2395554.81565863
1972,2383638.44143988
1973,2195975.50013173
1974,2428604.6561784
1975,2363905.81642556
1976,2446242.19039847
1977,2271415.0034553
1978,2457373.24610483
1979,2331675.65260766
1980,2416094.77475206
1981,2244624.22021161
1982,2363280.97270895
1983,2404260.05615567
1984,2370120.23020882
1985,2264733.90652348
1986,2389386.74642988
1987,2322481.07465889
1988,2230163.27665544
1989,2412824.34725844
1990,2405896.04322904
1991,2305824.96372597
1992,2315546.79552737
1993,2384143.26387142
1994,2333904.0029441
1995,2429357.88962917
1996,2426595.77339501
1997,2263699.34245714
1998,2471649.32939975
1999,2292226.45603101
2000,2238853.20321682
