"zone","classe_age","puissance","bonus_malus","exposition","freq_predite","cout_predit","prime_pure","prime_commerciale"
"1","<25","A",1,1,0.0809837112246939,3545.3099346122,287,410
"2","<25","A",1,1,0.104457198449934,3481.62176815288,364,520
"3","<25","A",1,1,0.137873630612706,3492.82658874639,482,689
"4","<25","A",1,1,0.170814093189396,3842.9343894494,656,937
"1","25-34","A",1,1,0.0691833725899988,3545.3099346122,245,350
"2","25-34","A",1,1,0.0892364794201433,3481.62176815288,311,444
"3","25-34","A",1,1,0.117783719871141,3492.82658874639,411,587
"4","25-34","A",1,1,0.145924345452093,3842.9343894494,561,801
"1","35-59","A",1,1,0.0488598514404943,3545.3099346122,173,247
"2","35-59","A",1,1,0.0630220956902472,3481.62176815288,219,313
"3","35-59","A",1,1,0.0831832106410589,3492.82658874639,291,416
"4","35-59","A",1,1,0.103057159161554,3842.9343894494,396,566
"1","60+","A",1,1,0.0688258880265886,3545.3099346122,244,349
"2","60+","A",1,1,0.0887753763733921,3481.62176815288,309,441
"3","60+","A",1,1,0.117175107424267,3492.82658874639,409,584
"4","60+","A",1,1,0.145170324666868,3842.9343894494,558,797
"1","<25","B",1,1,0.102423301366233,4766.28653984906,488,697
"2","<25","B",1,1,0.132111148710207,4680.66467430236,618,883
"3","<25","B",1,1,0.174374231621975,4695.72834618474,819,1170
"4","<25","B",1,1,0.216035336980243,5166.41049492878,1116,1594
"1","25-34","B",1,1,0.0874989465555286,4766.28653984906,417,596
"2","25-34","B",1,1,0.112860903585313,4680.66467430236,528,754
"3","25-34","B",1,1,0.148965727230334,4695.72834618474,700,1000
"4","25-34","B",1,1,0.18455628897324,5166.41049492878,953,1361
"1","35-59","B",1,1,0.061794985844921,4766.28653984906,295,421
"2","35-59","B",1,1,0.0797065360675335,4680.66467430236,373,533
"3","35-59","B",1,1,0.105205095237746,4695.72834618474,494,706
"4","35-59","B",1,1,0.130340463670096,5166.41049492878,673,961
"1","60+","B",1,1,0.0870468216946372,4766.28653984906,415,593
"2","60+","B",1,1,0.112277728331869,4680.66467430236,526,751
"3","60+","B",1,1,0.148195991006608,4695.72834618474,696,994
"4","60+","B",1,1,0.183602649075122,5166.41049492878,949,1356
"1","<25","C",1,1,0.11893258827783,5456.30935274145,649,927
"2","<25","C",1,1,0.153405725522164,5358.29187480015,822,1174
"3","<25","C",1,1,0.202481060648534,5375.53633819765,1088,1554
"4","<25","C",1,1,0.250857387369902,5914.35988329696,1484,2120
"1","25-34","C",1,1,0.10160262407694,5456.30935274145,554,791
"2","25-34","C",1,1,0.131052594475354,5358.29187480015,702,1003
"3","25-34","C",1,1,0.172977040066721,5375.53633819765,930,1329
"4","25-34","C",1,1,0.21430433151196,5914.35988329696,1267,1810
"1","35-59","C",1,1,0.0717555235097243,5456.30935274145,392,560
"2","35-59","C",1,1,0.0925541796712405,5358.29187480015,496,709
"3","35-59","C",1,1,0.122162770675597,5375.53633819765,657,939
"4","35-59","C",1,1,0.151349629379624,5914.35988329696,895,1279
"1","60+","C",1,1,0.101077622644519,5456.30935274145,552,789
"2","60+","C",1,1,0.130375419053487,5358.29187480015,699,999
"3","60+","C",1,1,0.172083232503816,5375.53633819765,925,1321
"4","60+","C",1,1,0.213196977424996,5914.35988329696,1261,1801
"1","<25","D",1,1,0.151605593998988,8628.97108821532,1308,1869
"2","<25","D",1,1,0.195549146599786,8473.95971906149,1657,2367
"3","<25","D",1,1,0.258106393862853,8501.23126223637,2194,3134
"4","<25","D",1,1,0.319772602042477,9353.36271075396,2991,4273
"1","25-34","D",1,1,0.129514764608143,8628.97108821532,1118,1597
"2","25-34","D",1,1,0.167055192510665,8473.95971906149,1416,2023
"3","25-34","D",1,1,0.220497067180959,8501.23126223637,1874,2677
"4","25-34","D",1,1,0.273177738295998,9353.36271075396,2555,3650
"1","35-59","D",1,1,0.0914681074541784,8628.97108821532,789,1127
"2","35-59","D",1,1,0.117980543342494,8473.95971906149,1000,1429
"3","35-59","D",1,1,0.155723167897192,8501.23126223637,1324,1891
"4","35-59","D",1,1,0.192928202403394,9353.36271075396,1805,2579
"1","60+","D",1,1,0.128845535466114,8628.97108821532,1112,1589
"2","60+","D",1,1,0.166191984339042,8473.95971906149,1408,2011
"3","60+","D",1,1,0.219357713968714,8501.23126223637,1865,2664
"4","60+","D",1,1,0.271766173336787,9353.36271075396,2542,3631
